"","subject","grade"
"1","Art",74.8306444672392
"2","English",74.8800240051374
"3","History",75.1342081497653
"4","Math",75.1128377558639
"5","Science",74.8350431299886
