"","subject","grade"
"1","Art",74.7691228469632
"2","English",74.9677096888896
"3","History",74.977789472755
"4","Math",74.9259195433279
"5","Science",74.8616823756049
